{
  "genotypes": {
    "WT_WT_male_gout": {
      "n_samples": 5000,
      "dSUA_uricase_alone_mg_dL": {
        "median": -0.83,
        "p05": -0.83,
        "p95": -0.83,
        "mean": -0.83,
        "min": -0.83,
        "max": -0.83
      },
      "dSUA_pdb_alone_mg_dL": {
        "median": -1.7378594645527916,
        "p05": -2.1799463271677486,
        "p95": -1.238134385063664,
        "mean": -1.7270581920380441,
        "min": -2.2994376400005168,
        "max": -0.962592067272632
      },
      "naive_sum_mg_dL": {
        "median": -2.5678594645527917,
        "p05": -3.009946327167749,
        "p95": -2.0681343850636638,
        "mean": -2.557058192038044,
        "min": -3.129437640000517,
        "max": -1.7925920672726319
      },
      "competed_urate_arms_mg_dL": {
        "median": -1.8345866804039757,
        "p05": -2.24289143024141,
        "p95": -1.337129921940559,
        "mean": -1.8147742554534256,
        "min": -2.343885125169071,
        "max": -1.075157252639605
      },
      "dSUA_combined_mg_dL": {
        "median": -1.870602444688589,
        "p05": -2.279200129776462,
        "p95": -1.3723672652597925,
        "mean": -1.8504748490885627,
        "min": -2.3806391607723607,
        "max": -1.110746248352908
      },
      "additivity_ratio": {
        "median": 0.727063527058087,
        "p05": 0.6622668461726741,
        "p95": 0.7572407966098045,
        "mean": 0.7206053534083798,
        "min": 0.6195462921469781,
        "max": 0.762729211897913
      },
      "competition_factor": {
        "median": 0.11258348351640435,
        "p05": 0.058901474575814156,
        "p95": 0.1362399879777992,
        "mean": 0.10568200411491732,
        "min": 0.05346197267067907,
        "max": 0.13735891035962192
      },
      "crypt_butyrate_mM": {
        "median": 0.8822832060898893,
        "p05": 0.8314575245480914,
        "p95": 0.9876055587601873,
        "mean": 0.8925148408784276,
        "min": 0.8144278129892492,
        "max": 1.1236507092471115
      },
      "q141k_rescue_fraction": {
        "median": 0.43770428545280216,
        "p05": 0.4087463962584749,
        "p95": 0.4937643764689902,
        "mean": 0.44280655170853334,
        "min": 0.3987828946142282,
        "max": 0.5580288099119408
      },
      "rescue_bump_dSUA_mg_dL": {
        "median": 0.0,
        "p05": 0.0,
        "p95": 0.0,
        "mean": 0.0,
        "min": 0.0,
        "max": 0.0
      },
      "ppar_bump_dSUA_mg_dL": {
        "median": -0.03529132824359558,
        "p05": -0.0395042223504075,
        "p95": -0.03325830098192366,
        "mean": -0.03570059363513711,
        "min": -0.04494602836988446,
        "max": -0.03257711251956997
      }
    },
    "Q141K_het_male_gout": {
      "n_samples": 5000,
      "dSUA_uricase_alone_mg_dL": {
        "median": -0.66140625,
        "p05": -0.66140625,
        "p95": -0.66140625,
        "mean": -0.66140625,
        "min": -0.66140625,
        "max": -0.66140625
      },
      "dSUA_pdb_alone_mg_dL": {
        "median": -1.6156662209514236,
        "p05": -2.0266688510387665,
        "p95": -1.151078061113875,
        "mean": -1.6056244129103692,
        "min": -2.1377584309379807,
        "max": -0.894909812542525
      },
      "naive_sum_mg_dL": {
        "median": -2.2770724709514236,
        "p05": -2.6880751010387662,
        "p95": -1.8124843111138746,
        "mean": -2.2670306629103694,
        "min": -2.799164680937981,
        "max": -1.556316062542525
      },
      "competed_urate_arms_mg_dL": {
        "median": -1.6928299650410605,
        "p05": -2.0766951977886867,
        "p95": -1.2320519932617429,
        "mean": -1.6755231509445012,
        "min": -2.1731775206816724,
        "max": -0.9846428818030719
      },
      "dSUA_combined_mg_dL": {
        "median": -1.759613607325318,
        "p05": -2.1445018069200676,
        "p95": -1.2965892809445505,
        "mean": -1.7423628129658875,
        "min": -2.2459054301190324,
        "max": -1.0513287887018814
      },
      "additivity_ratio": {
        "median": 0.7714566341367959,
        "p05": 0.7135535634181077,
        "p95": 0.7981407756525629,
        "mean": 0.7657050318238142,
        "min": 0.6740941357094302,
        "max": 0.8053657662288182
      },
      "competition_factor": {
        "median": 0.11258348351640435,
        "p05": 0.058901474575814156,
        "p95": 0.1362399879777992,
        "mean": 0.10568200411491732,
        "min": 0.05346197267067907,
        "max": 0.13735891035962192
      },
      "crypt_butyrate_mM": {
        "median": 0.8719978053286532,
        "p05": 0.8275253339795801,
        "p95": 0.9641548639151639,
        "mean": 0.8809504857686242,
        "min": 0.812624336365593,
        "max": 1.0831943705912226
      },
      "q141k_rescue_fraction": {
        "median": 0.4319408865027309,
        "p05": 0.4064570980332141,
        "p95": 0.4817564271341105,
        "mean": 0.436519590180496,
        "min": 0.3977203638875116,
        "max": 0.5398723700101291
      },
      "rescue_bump_dSUA_mg_dL": {
        "median": -0.04761473366057445,
        "p05": -0.05310611864736178,
        "p95": -0.044805544166005025,
        "mean": -0.04811946419880311,
        "min": -0.059512493287835366,
        "max": -0.043842455737912456
      },
      "ppar_bump_dSUA_mg_dL": {
        "median": -0.018529953363233882,
        "p05": -0.020488290858197235,
        "p95": -0.017584913347066074,
        "mean": -0.018720197822583266,
        "min": -0.023017880375063485,
        "max": -0.017268267147768853
      }
    },
    "Q141K_hom_male_gout": {
      "n_samples": 5000,
      "dSUA_uricase_alone_mg_dL": {
        "median": -0.4928125,
        "p05": -0.4928125,
        "p95": -0.4928125,
        "mean": -0.4928125,
        "min": -0.4928125,
        "max": -0.4928125
      },
      "dSUA_pdb_alone_mg_dL": {
        "median": -1.5477810856173302,
        "p05": -1.9415146976337763,
        "p95": -1.1027134366973252,
        "mean": -1.538161202283883,
        "min": -2.0479366481254604,
        "max": -0.8573085599146879
      },
      "naive_sum_mg_dL": {
        "median": -2.04059358561733,
        "p05": -2.434327197633776,
        "p95": -1.5955259366973251,
        "mean": -2.030973702283883,
        "min": -2.5407491481254603,
        "max": -1.350121059914688
      },
      "competed_urate_arms_mg_dL": {
        "median": -1.6048172300123176,
        "p05": -1.9785909863512718,
        "p95": -1.1641330889455652,
        "mean": -1.5902426149367659,
        "min": -2.0743273424442896,
        "max": -0.9242172041679237
      },
      "dSUA_combined_mg_dL": {
        "median": -1.817454523636437,
        "p05": -2.193185091018271,
        "p95": -1.3698572721302809,
        "mean": -1.80222562793512,
        "min": -2.315578099739522,
        "max": -1.133774834925906
      },
      "additivity_ratio": {
        "median": 0.888778144392822,
        "p05": 0.8554441467342125,
        "p95": 0.9055790787412265,
        "mean": 0.8857473543787313,
        "min": 0.8308427697968753,
        "max": 0.9183975898190747
      },
      "competition_factor": {
        "median": 0.11258348351640435,
        "p05": 0.058901474575814156,
        "p95": 0.1362399879777992,
        "mean": 0.10568200411491732,
        "min": 0.05346197267067907,
        "max": 0.13735891035962192
      },
      "crypt_butyrate_mM": {
        "median": 0.861712404567417,
        "p05": 0.8235931434110687,
        "p95": 0.9407041690701405,
        "mean": 0.8693861306588208,
        "min": 0.8108208597419369,
        "max": 1.0427380319353337
      },
      "q141k_rescue_fraction": {
        "median": 0.42612780466025696,
        "p05": 0.40416098190552197,
        "p95": 0.46947472506467924,
        "mean": 0.43014942396622263,
        "min": 0.39665643889375307,
        "max": 0.5209127807124552
      },
      "rescue_bump_dSUA_mg_dL": {
        "median": -0.21000110873413286,