{
  "pickering_C_joint_bulk_uM": {
    "n": 20000,
    "mean": 0.33567021671697794,
    "median": 0.19116783506932736,
    "p5": 0.034262612941367225,
    "p25": 0.07552205127776258,
    "p75": 0.4870892112644606,
    "p95": 1.0878323411234927,
    "min": 0.017637598571270233,
    "max": 1.9243407273944586
  },
  "pickering_C_local_at_droplet_uM": {
    "n": 20000,
    "mean": 0.11404542953676405,
    "median": 0.04725252771410516,
    "p5": 0.005042719806771021,
    "p25": 0.015160045739956628,
    "p75": 0.1460034997823666,
    "p95": 0.4470591526879308,
    "min": 0.0014745029235758828,
    "max": 1.508135746272971
  },
  "fusion_C_joint_bulk_uM": {
    "n": 20000,
    "mean": 0.060411452255994785,
    "median": 0.033836983512820225,
    "p5": 0.005862283297505041,
    "p25": 0.013434372925196678,
    "p75": 0.08612514258765513,
    "p95": 0.19931471547041427,
    "min": 0.0016898644361094193,
    "max": 0.4064757511310076
  },
  "free_C_joint_bulk_uM": {
    "n": 20000,
    "mean": 1.549293354956953,
    "median": 0.19075177006929828,
    "p5": 0.005211170649615577,
    "p25": 0.04204959340446569,
    "p75": 0.9084542785086736,
    "p95": 7.21955690106717,
    "min": 0.00026641908256964627,
    "max": 119.92420585253437
  }
}